word	x	y	nearest
心酸	62.4373086361	23.3473460797	0.632
小时	-98.8503306052	-0.146146760791	0.573
不知所措	-3.9239089412	52.5738890164	0.591
不抱	-2.66135923389	27.2593021323	0.517
酱油	63.3277924274	-30.5034597749	0.664
确有	-15.6170883248	21.9858340264	0.511
当起	4.87510369199	30.0925586757	0.494
回来	-14.6039197576	42.8591861792	0.588
四五千	-13.5464918095	-41.4251824804	0.603
过去	0.146958544561	-7.57482293255	0.464
催眠术	17.140606897	4.20913860452	0.509
第三者	30.1042423122	3.31809466006	0.462
男懂	17.9137450989	-19.069739305	0.559
亲情	33.7633820539	14.4559521272	0.507
祖国	47.1759799228	-28.5956678768	0.527
信	-14.5132212155	12.0662805651	0.409
年长	-12.1448296542	-6.85844328799	0.642
突然	-23.0636114706	47.4582995856	0.578
地	-1.90956698857	-11.36519497	0.437
邮筒	-24.2329798101	-68.4140975622	0.514
小小的	18.9674662319	18.5251325475	0.439
日常生活	81.5385202874	-14.8036798202	0.483
简陋	-35.057529348	-54.8581289823	0.517
在	-37.1482816454	-11.597710811	0.578
常使	-19.3250438292	-28.1311813931	0.514
例如	-47.0516884508	-31.3282993099	0.617
此	-49.7656958262	-0.840493387115	0.552
丈八湖	12.8216270601	-24.597433276	0.502
谢谢你们	3.58708473015	19.4782969627	0.642
廉政	57.0977268027	-3.41309339945	0.470
方约	-18.5688819866	-41.5395566385	0.384
了	-40.6620591935	5.53614490048	0.483
像	-27.2742974818	25.2425119002	0.570
释然	-11.8207800036	18.6119535094	0.656
事	12.3420956873	72.3269753205	0.598
健康	49.8233545298	-31.5675698924	0.574
于	-36.9272281874	-10.3559376598	0.578
味道	70.4476929107	-28.5995168103	0.562
王之镜	-2.71820403269	-13.6781528946	0.444
那天	40.5738338545	13.7594081078	0.483
全新	4.13063479962	-21.2418176936	0.452
做些	12.7103945787	67.1271176689	0.597
金线	6.67212428186	-32.4771651337	0.481
故梦	49.8142440774	13.3274236679	0.520
食物	51.9812631433	-33.2116663295	0.707
否则	-85.392186838	22.4427455664	0.636
遇到	-25.9540589272	53.5637338573	0.655
直至	-38.3834023013	-1.76147422218	0.771
亦	-52.5735765835	6.34622800109	0.702
充满信心	-3.09054159144	27.3302432608	0.517
见到	-28.7067170471	56.8848957636	0.708
做	12.7417438217	66.7338097379	0.597
阵挛	-17.0076371883	-28.9636448967	0.645
原稿纸	3.26264239844	-40.8670805285	0.619
认为	-57.4387202585	36.2816337956	0.723
投入	-40.6456950221	-6.5490146975	0.537
人	1.91049094283	-12.1698228642	0.487
漆上	-104.614003316	-16.7656189878	0.500
宽广	-29.4873346304	-50.3564058	0.638
曾经	-44.0967392566	-46.6232063262	0.757
非洲	-61.1391176227	-66.4329764516	0.710
这个	-54.8644131113	-7.38979714183	0.491
每一件	-1.55312732422	21.4380480396	0.576
悲哀	24.0891820265	32.2026513611	0.529
凌晨	-55.5549555256	-44.3060690906	0.543
荒凉	-23.4588853609	-48.0067784691	0.496
啊啊啊	32.3052191042	24.7512962044	0.641
蓝蓝的	54.1474650152	15.8794238612	0.482
真是	38.5323633823	47.5674713961	0.552
酒店	-45.1915459247	-62.8387038379	0.747
惧怕	-5.78764651153	58.2152290864	0.669
指出	-56.3513320943	36.8276036253	0.723
相信	17.4709333993	60.1739601093	0.640
见面	45.7722967419	72.8996597617	0.629
岁月	53.7704856586	12.3435688366	0.601
事情	13.1874963807	71.5926932306	0.598
遇上	-25.5449909211	53.1155757303	0.655
换取	-41.6926335822	30.866152769	0.502
信里	-3.89866292359	32.6364350448	0.491
从军记	51.7756128634	-16.5063889082	0.553
虽然	-63.365244258	15.2400410444	0.785
批量生产	-43.4259228335	-7.30366047391	0.537
始终	-67.0101350524	26.1922466295	0.519
受到	-78.3047657298	-15.1825986843	0.756
过著	83.6417386725	-7.209294164	0.536
安慰	1.62682041104	43.9970435866	0.590
抽屉	-1.34804374374	7.18994588154	0.484
阻止	-40.1001752929	20.3901556714	0.665
镜子	19.0298136212	17.6785997935	0.441
照顾	97.5485341519	5.59915290308	0.691
适应	-27.9278676811	-27.9975816389	0.495
离开	-48.5198011983	56.3840409152	0.724
马昭懿	13.2909765859	-29.7583812621	0.596
千山万水	45.7895821253	8.804312374	0.689
求神	11.3315755401	17.4278096002	0.643
龙飞凤舞	53.7381676182	-3.53576480599	0.539
欢迎	30.1547017968	75.5615408664	0.572
大道理	19.3677078365	-4.84267918115	0.548
事上	-2.65339619887	23.0959618749	0.619
营养	52.4354317093	-33.8297751563	0.707
一段	-13.2893129117	-99.0774768538	0.618
不	-80.8598358611	19.2753617377	0.581
啦	33.4811869282	7.75923037878	0.621
帮过	3.52017169388	36.3331876593	0.588
日日夜夜	41.7511321865	14.7463109022	0.560
骤变	6.15343514453	-13.9663165304	0.474
自胜	22.9296812198	-48.920231433	0.659
狂想曲	80.9470340432	21.9042250979	0.540
安历基	-0.395541890565	-72.3168837487	0.554
新书	43.0365262177	-58.071825708	0.675
感受	15.4293416999	42.0973275259	0.633
夕阳	37.834597908	7.85998694216	0.490
读者	42.1938283087	-67.7535461668	0.560
里	-35.1764234756	-22.03265124	0.505
赐予	20.3911077757	-94.8386214095	0.626
姐姐	64.2933550896	-16.117815493	0.746
啊	41.1560250112	48.2417173873	0.641
宽阔	-29.1844618933	-50.0729699631	0.638
南过	-14.6601608481	-97.252804674	0.503
线逢	19.5270056104	-30.0865694751	0.652
气候	-28.6358721559	-39.1333126046	0.719
才能	-89.888065573	24.5807746221	0.645
没有	-70.2960742143	15.5758979018	0.659
大陆	66.3468332517	67.2418560622	0.578
自	-36.7467635472	-7.40176183984	0.514
强调	-53.7001169806	40.7055847114	0.586
归来	45.2758316712	-8.42298959058	0.433
追悔莫及	-12.5946789037	18.2789883561	0.656
时时	9.89229831731	-0.412962991645	0.452
柜子	-1.93677089574	6.90934340847	0.441
有着	-30.7497484744	25.6500318046	0.611
嘢	73.782569662	7.67313001468	0.632
多篇	55.7194366625	-63.6124786198	0.635
动人	41.0819010828	85.6191218885	0.634
先生	91.3027471417	41.034997171	0.663
前辈	53.6797424534	61.8423795197	0.664
酸楚	23.5022610369	-51.1623481133	0.648
是否	-79.4580209519	22.4979047531	0.551
人民	48.135302691	-29.8317016191	0.527
如	-47.3019476707	-31.4568450449	0.617
麦尬	32.0012184849	-11.1768791745	0.523
迷惑	14.0487947529	22.6758377994	0.499
妻子	99.2017737271	-6.91187670574	0.859
夜晚	36.3293668082	-1.12546266094	0.596
潮位	-15.54066522	-41.6163004481	0.460
披上	-104.619049966	-16.7651664985	0.500
日后	-44.3315028259	5.27831648458	0.487
何许人也	18.090056145	-6.36309482804	0.574
非常高兴	-4.37922211033	39.0217862543	0.615
家中	99.0507164312	-0.30738753084	0.535
肺炎	-15.6799068945	-54.6310849066	0.616
kuroha	23.6948606955	-22.8410243105	0.524
亏损	81.447578866	-42.4517870445	0.657
北非	-63.1741565818	-65.525094383	0.617
撒哈拉	-60.5846308073	-65.0133219883	0.662
书桌	-4.16313970715	3.11769475666	0.527
交通事故	-48.7004480511	-73.3029455361	0.701
形象	24.0428986964	0.27269441259	0.543
唐晓芙	7.12468020585	-14.8995852729	0.474
之光	67.2349069839	-1.9957908998	0.510
每天	-6.22948678539	-58.6705479213	0.506
再次	-42.0866962808	0.735918167953	0.806
咋子	12.5015064317	-20.9350187049	0.526
中常	-45.1439554734	-50.4371473436	0.393
体力	-92.084660169	37.8200445178	0.558
文学	50.905061855	-57.8047084168	0.635
觉得	17.847080842	56.9399507199	0.647
同意	-51.3005637731	28.6312877746	0.577
家国	52.9543589705	-46.8008858676	0.415
识能	49.0618869768	-30.8758725419	0.574
户人村	10.4111341786	-22.0108705241	0.464
写	48.9989523911	-71.6204392115	0.572
现呈	-16.9794871784	-29.2212551997	0.615
让	-35.1534058948	36.7160658009	0.548
问	24.1640199873	60.7632414305	0.690
下个月	-1.0529940066	-16.3003946086	0.505
极度	-12.308728885	78.0042370466	0.705
收到	-83.3916684187	-38.9941415316	0.601
全部	-62.6176671044	-29.0233029608	0.590
讲	18.6843508253	-2.6876564189	0.518
再	-36.6644342983	9.13470375113	0.538
祈祷	33.8263017689	40.6249924601	0.630
短短的	-79.0076194207	-52.6341681946	0.583
出版发行	40.7397317881	-59.8121606372	0.721
救细界	36.4044175697	-12.2334394813	0.430
戈登以	14.4229420001	-26.4745124774	0.601
一九七六年	16.640329588	-34.4788223817	0.543
又	-33.7902861468	6.04815866068	0.538
自学	-12.9866407866	-72.4116236482	0.653
课业	-24.3187280758	85.9601811769	0.612
寂寞	59.9272548222	22.6576014008	0.624
实际上	-62.8215004595	16.9838514581	0.709
关怀	66.082165172	-45.8050187972	0.604
acherontia	8.48693867131	-34.0863919486	0.473
趁现在	50.7842373021	29.079757336	0.446
凉爽	-29.7555988571	-37.5987118424	0.554
大观园	24.8974771244	-34.2492622721	0.468
自身	-68.4762533226	1.54221382908	0.554
占据	-93.3646797638	-33.8265490909	0.514
生命	15.0332553484	10.3773868635	0.541
把	-32.2924897234	36.8282739771	0.671
重困	21.4807414234	-47.5383957978	0.662
心系	53.1771860646	-46.6929481167	0.415
外甥女	102.297227809	-8.76752687096	0.646
一天	39.1680400779	13.7152517012	0.483
失望	-7.75991955573	65.580960432	0.681
如同	-28.0756364908	25.5637263209	0.616
万言	23.2261252657	-44.0295302578	0.708
一草一木	7.07296008761	-6.10501875132	0.553
将近	-77.0561362753	-52.8736691741	0.536
久已	20.5358444209	-54.7184079176	0.568
段时间	-69.5018115367	-44.7131959037	0.677
朋友	6.8853108142	35.9355221644	0.648
不是	-26.6207327542	14.0505132969	0.623
获得	-48.3093387822	21.4756086406	0.648
之情	61.6630090416	43.9357973118	0.534
送给	-30.2215238614	37.2996220398	0.661
乡思	45.9896934483	6.80124302165	0.405
台北	26.6614712808	-31.7209898576	0.619
体会	14.1444317061	42.6029577785	0.516
美味	70.5898059006	-28.5574794526	0.562
哪里	35.1742020373	58.2365401414	0.564
释放	-41.4923017723	16.2547074643	0.579
是	-33.168531406	-15.1072826946	0.612
决定	-48.967303539	30.5673009097	0.539
总是	-24.542131657	78.4236276673	0.750
梁小萍	21.6044908508	-39.1442704277	0.559
写信	35.6173613263	-83.069998697	0.676
深深	47.7321487344	19.7135637068	0.628
带	-24.7766842098	35.6645762078	0.537
时间	-4.46359919094	-54.3169114778	0.622
女士	91.211984963	40.9791963261	0.663
从来	4.58891114377	40.1746224747	0.567
还要	-80.9961230249	28.7751181722	0.571
懒散	-20.1511147097	80.1571902892	0.718
孩子	96.975010502	-3.97315868488	0.683
你们	44.2068675664	50.3142870747	0.678
花花绿绿	10.9666521237	-19.4405565614	0.464
回国	-56.2045964337	58.728253821	0.774
稀奇古怪	0.774343086586	15.8478331377	0.576
信上	48.3853055593	-75.9559998115	0.491
能耐	-25.4082729983	-29.4202909812	0.545
相恋	69.2815681848	43.1059317116	0.673
有	-49.9879430689	-20.5028668139	0.584
平安	13.2112618067	-31.1073884292	0.474
尝试	-39.5902536014	22.7665350986	0.614
爱意	60.7798359268	45.1861600224	0.654
最	-70.1190899271	-5.55361812837	0.579
责任	-17.4622225135	24.0773408719	0.556
车祸	-48.7035678661	-73.2898986368	0.701
一本	47.7525282594	-65.2061549588	0.599
海洋性气候	-31.4686462077	-39.2197864358	0.719
林宸纬	14.9555780042	-21.0684179982	0.746
防御力	-92.0858705014	37.8384953839	0.558
培育	-71.3269526806	57.0607259804	0.724
路口	-11.1880304348	-94.9486231255	0.599
祈福	11.1270905143	-53.9242160794	0.469
二月	11.9135065243	-70.6381960609	0.845
雨下	44.548415676	8.22486894468	0.689
上帝	71.5956941833	53.8468234567	0.582
成名	47.1871279823	-14.4121114534	0.490
起步	-9.12862179728	-14.8383723979	0.519
教	29.4603819304	-42.6402967383	0.476
亲爱	55.9970129702	28.183660722	0.605
因此	-54.1390663082	9.45703845127	0.764
感人	41.0865408997	85.622858094	0.634
心情	25.081045099	38.924683475	0.555
赚取	-41.6938604745	29.7612745777	0.502
好像	15.9456476707	47.6612572891	0.622
目前	-67.9510897856	8.42565519201	0.505
国之常立	30.2776732154	-38.8783647195	0.578
员东	13.807464128	-23.3068468715	0.619
不要	26.347877443	55.1823644228	0.661
认知	9.16614295925	6.70953109004	0.591
所有	-62.6229303215	-29.019125679	0.590
稿纸	3.28366644232	-40.9728603288	0.619
并且	-47.258539386	2.99666397701	0.663
外	-54.3145083516	-29.3697718149	0.754
很多	-65.8083309593	-14.0150689376	0.792
打交	23.2796701463	11.9875905553	0.534
父亲	100.892338283	-4.97207864299	0.849
告诉	20.3599061568	60.3130362319	0.527
回乡	22.9127709088	-66.4465602992	0.610
我们	45.5284694643	50.2423210697	0.664
女儿	98.0406711863	-6.03142542986	0.829
提及	-61.7712797247	41.2671987862	0.739
什么	40.8154110424	54.0021579735	0.564
盯	9.91481174826	48.5601357153	0.470
张继聪合	21.9352454121	-16.9509964806	0.499
走过	55.129423778	13.7761550213	0.601
无数	-2.74041535964	16.7217158554	0.547
永恒	67.2251490084	-1.99222637419	0.510
催眠	16.8767467253	4.43540656769	0.509
彼此	-14.152571913	-81.9910095632	0.768
非常	-10.9080533528	79.4338749428	0.865
听到	-27.672632929	57.558461879	0.643
复杂	-74.94591042	-24.5906580508	0.612
时候	-28.9908938189	2.75053820974	0.539
另一方面	-58.8545891349	11.4082455145	0.615
听后	3.14141461248	60.1253202165	0.584
一针	-3.33150650815	-20.8181150641	0.557
心灵	14.2686975254	10.3407100305	0.513
慧眼识	48.1976590489	-13.3681131659	0.639
此次	-89.8162648727	-21.548269118	0.768
讶异	-6.58356716589	66.947555248	0.684
证实	-31.4271373372	55.1647343856	0.524
代替	-24.5710211905	-13.1613316086	0.496
正是	-26.4365869933	11.5450195587	0.637
召见	30.0785806498	-81.5990884813	0.528
诱惑	39.3037110184	-0.697530277149	0.470
一片	-56.530448567	-41.8386902766	0.503
接	-16.1655269708	-98.5127395719	0.503
许多	-65.2961422559	-14.8713834223	0.792
一扯	-3.52775196166	-19.9186450089	0.557
王国	18.6651047519	-24.302012012	0.683
一科生	18.6077230851	-13.0326906248	0.656
谁	41.834316565	51.8755064799	0.659
祝福	35.1890239219	35.9128752254	0.510
远方	43.1788493748	-2.18561031298	0.482
方折	0.8864235969	-35.0854132392	0.612
忍心	33.6199698396	30.9866765217	0.625
到底	41.3623790597	52.8467207474	0.659
激化	-37.6998181409	-78.2141672889	0.578
饼	60.6078136273	-31.7260620079	0.699
任何	-71.192297142	15.6776801092	0.614
恨不能	11.5183863257	-4.14389341297	0.625
深深地	1.22223297665	27.0435714801	0.557
七情六欲	33.2045479	17.2031712416	0.513
口	-15.5377064374	-98.000163295	0.599
它们	-52.2199182262	-8.16206585096	0.663
必须	-87.5455038627	22.1019480039	0.667
更深	-7.99291122421	11.1468562227	0.468
胃病	-18.7863098503	-57.1247690632	0.659
安静	19.4959053076	43.8721092152	0.584
提不出	-14.7302002756	21.2911027971	0.511
地被	-57.1060592747	12.3497233525	0.437
尤其	-67.2043657458	-4.5378361064	0.540
两颗	-20.7037757636	5.84857235813	0.706
不舍	42.3734545947	26.1507190628	0.624
巡回赛	-10.1029554487	-0.43027442556	0.442
何必	44.1242921686	34.4214611491	0.651
爱戴	30.18278739	75.6452607318	0.572
看看	33.5303587581	57.9516100207	0.595
每次	-4.18114848636	-55.6767193193	0.589
表示	-54.6844213102	36.8381314151	0.667
看似	-17.3777702706	79.957994552	0.669
使	-51.1924300242	13.9120841233	0.578
酥	61.2465677065	-29.8898912992	0.699
精神	13.1967539405	10.6218134645	0.513
崎岖	-26.4324624193	-48.2858069562	0.678
叮咛	33.2518169966	27.2358977932	0.564
想到	18.3705184723	58.4215522215	0.629
再婚	97.6941673601	-7.919626634	0.560
答应	-6.66813917529	41.5023654898	0.629
逮捕	-41.0501377436	17.4660492166	0.579
中东	-62.9863682814	-66.2250491685	0.617
给	-30.8223237618	37.6394474024	0.661
心去	5.30363633405	18.6589381444	0.566
应负	-17.0055122329	23.4526990346	0.556
眼疾	-19.0188191871	-57.2157904851	0.659
再度	-42.3693771416	0.0786860395417	0.806
明月刀	55.4105432594	-10.8870732934	0.585
黄沙	39.9635153418	-35.9390713984	0.564
仿佛	-25.1506418352	27.3530549159	0.528
怕	26.5426342803	52.3679136138	0.592
由衷	15.0245436115	32.9375583583	0.521
许许多多	-1.05528728034	16.4944659668	0.576
难以	-84.5906417107	17.3266447395	0.747
荷西	0.0791137175179	-72.786170066	0.554
事关重大	-13.5557304273	19.6867229475	0.521
对于	-56.4048208551	23.8869379573	0.663
作者	46.5997629768	-62.9475990368	0.595
温暖	24.8311055818	40.9956641595	0.554
中曾	-44.9240962706	-49.6203174984	0.393
外甥	102.923951781	-8.22100723975	0.646
默默	2.45120108812	48.0433148272	0.624
家庭	83.7675502197	-14.2097162139	0.535
两个	-55.184484941	-10.9508730068	0.619
整整	-77.3944616799	-52.8202290093	0.536
提到	-61.74990707	41.2506898313	0.739
关上	-35.2902411749	63.3357696817	0.625
感觉	18.2495111708	44.5448447771	0.633
反应	-8.74141482609	-28.1053081733	0.730
缺少	-79.8495063725	-2.46954749032	0.688
北于	-9.76110609799	-93.9019568152	0.618
礼物	27.7906209606	9.91127126566	0.554
消瘦	-18.2706677768	-30.8911451483	0.645
装回	-8.44758220665	-20.8171199762	0.613
极大	-71.2034555178	-13.6518444899	0.640
后	-41.8335966523	2.65629287417	0.590
矛盾	-37.6906372291	-78.2135384551	0.578
很	-9.46182779339	79.8164638931	0.833
已	-67.2766912011	9.08359332137	0.717
之外	-54.2928800002	-29.3535974273	0.754
里面	-1.17722034244	8.95083500557	0.563
刚出	6.89464307669	-9.1688888735	0.522
充足	-25.7473471194	-30.9564404268	0.609
信仰	77.2258173306	56.6050404394	0.679
手之战	-11.0439658251	11.5969697984	0.454
辛酸	31.9075659285	21.0914756312	0.495
但愿	39.7446108902	29.1712972152	0.627
下才	-47.4625639454	30.0120792404	0.536
星	30.1456930801	-25.7142469884	0.578
废物利用	0.60646969743	-33.0096962852	0.504
尽心尽力	-39.9740011941	44.4114258638	0.546
情绪	-1.70329885957	72.8581261365	0.649
伙伴	30.0606849056	-15.8260671815	0.539
尽力	-39.9324761602	44.3367658601	0.546
半集	-0.339843073	-55.8795329599	0.589
火舞	40.0704876353	-34.9805601825	0.564
相当	-11.3092159726	80.3765902499	0.517
要	-82.0827374954	27.1099790177	0.667
诗歌	49.8612096218	-61.5161656947	0.555
新	5.18938562119	-21.5210120426	0.452
当中	-40.9664427543	-21.5097514779	0.646
她	-11.5153500301	33.0492099281	0.786
古远清	49.0075370764	-49.7248769559	0.647
时代	20.1495288587	-20.3526135937	0.474
点缀	3.14241264112	-49.0200436239	0.591
开始	-37.7397840239	-5.16110215127	0.545
中	-36.635010838	-20.4960072204	0.513
归向	10.3905072377	16.8268389262	0.643
充沛	-29.2796287519	-36.3656742198	0.609
断恶	9.81829648754	-4.23646957033	0.452
刘斯嵋	21.4000782258	-40.9955836705	0.628
相识	69.2969438495	43.1201031235	0.673
孔中	-3.35830478884	-32.0603228736	0.625
囚鸟	60.1772353679	19.664449558	0.632
现实生活	80.1617976377	-15.0338721553	0.483
回去	-14.1253554956	43.10223053	0.663
番	24.6004334316	-22.7730397388	0.524
仍	-67.3827321907	22.4451880917	0.832
嘉恩是	3.22271216723	-9.68270816166	0.455
他	-12.0456239174	32.7624935364	0.786
小格子	3.25557891407	-29.6238261885	0.540
头发	-59.1498070971	72.774373626	0.705
易	-15.4115532636	-27.2051634455	0.458
剧情	17.9266883785	-81.8174903651	0.709
分给	-31.0029291485	38.9334336741	0.444
天堂	41.2286309702	-3.02143962621	0.461
心	49.2180058653	26.2938276994	0.559
令	-50.8477087077	13.0583919967	0.578
以	-26.8882733538	-10.4262832083	0.568
幸福快乐	7.99400149236	26.4985658786	0.641
直爽	-20.6099233171	78.4128939514	0.754
接纳	-51.8251112148	28.746435687	0.577
津轻为	-13.8382793638	12.7913419803	0.409
会	-81.3035640731	14.6090346921	0.545
们	5.99652832921	21.7643908278	0.516
般的	-27.4229711702	27.7488428882	0.526
二十多天	10.5211412883	-43.7931121384	0.623
他们	-11.8422177937	30.4990992923	0.694
谢意	14.9192491233	31.9884114785	0.477
出版	43.6314750365	-59.563581754	0.721
南美洲	-59.9082800193	-66.8030642294	0.710
人生	52.1815612612	23.9536134741	0.666
交谈	45.7727110448	72.91958868	0.629
作为	-25.9250193763	-12.2714217543	0.467
一将	46.52378949	-15.1652144603	0.490
字间	1.17879484748	-35.5179838605	0.612
疲惫	-6.39749107158	51.6135908828	0.522
眼睛	-59.1536346559	72.7771371855	0.705
很要	7.90923441754	36.2097319058	0.648
储藏室	-4.53743779688	3.0351234774	0.527
看中	5.43372197715	31.0666649091	0.494
施立	61.284716743	21.3136916289	0.560
请原谅	35.3606368605	29.7740244014	0.508
棒极了	2.86458582449	18.6007272879	0.642
忙碌	80.7128618049	-5.38830221631	0.512
少	-57.5529780079	-18.955226845	0.497
小	30.9278082918	-11.5418286309	0.544
婚姻生活	88.6734789939	-6.3521700179	0.560
该	-50.2036147921	-1.2497695684	0.552
原本	-17.7195900055	-2.35202900758	0.531
以后	-38.4204016317	1.32797704228	0.608
飞蛾扑火	31.4364810558	19.168055114	0.495
我心	54.2974005955	11.4284863462	0.630
将	-41.9757066065	14.0196254396	0.671
笑	36.8059074369	26.5852008686	0.530
两人过	7.12733441844	26.8621548272	0.641
双亲	102.511537553	-0.961095651523	0.696
取代	-26.6560058343	-14.2472259564	0.496
叫住	0.815362732484	44.6811531824	0.590
痛苦	22.7451610239	36.3870639051	0.548
尽	36.0692201365	20.5253824509	0.531
惊讶	-6.92350675152	66.6578066835	0.684
来信	48.3444956854	-76.4433031604	0.511
地家裁	11.874480698	-23.2609768666	0.603
游子	47.1402940961	5.40371418271	0.405
就	-32.1717788769	3.49449881631	0.701
投稿	42.2452611102	-67.7115814458	0.560
一个	-54.9850692519	-10.4773666711	0.619
借此	-26.9277458298	-7.15171529027	0.542
透支	-12.6778176597	-38.5688554726	0.574
母亲	99.3228671978	-4.70926822889	0.849
试图	-39.8745268267	21.3773883262	0.614
赐给	20.3914509914	-94.8380391355	0.626
幸福	53.4050342549	24.2929044257	0.613
巧手	13.1345717836	-7.91339039312	0.468
发现	-30.1646418111	55.8802983363	0.524
陡峭	-27.6453813025	-48.2774757374	0.678
爱	51.9242922104	31.5279154699	0.712
袍料	6.46579792236	-82.6489501847	0.718
得到	-48.3165699082	21.2459198163	0.648
温柔	-19.6875685587	76.4970769579	0.584
冤气	41.2547094461	26.496513827	0.624
公妈	16.1972080273	-48.4098454252	0.486
这一	-60.1869283332	8.92635249073	0.667
写出	49.039560045	-71.330303779	0.572
一句	-92.5658169481	-9.60395132461	0.518
初服	18.4672797121	-43.2963853555	0.467
感动	17.2125289066	35.5670580715	0.544
身旁	6.03058245709	48.7882131046	0.678
红外线	-23.1396738644	-0.430458219721	0.578
愿	37.6676833314	36.2092344104	0.466
心语	50.454888472	10.8247754448	0.547
写信给	35.5851716195	-83.0623578322	0.676
父母亲	101.733416964	-0.515606911283	0.680
认识	1.65516679011	31.0758654231	0.557
身边	6.09908829495	49.3906815215	0.678
请	25.9021297004	60.509458959	0.547
小说	45.9374054578	-61.8873697934	0.595
著	-22.7141853295	33.9404948325	0.695
少年心	51.034651347	13.5286089404	0.547
得	-2.35267090241	-3.41620105498	0.527
大爱	57.10681915	2.56304279783	0.628
爇	20.2261324222	-47.5514600016	0.662
害怕	-6.62071638279	58.1655422337	0.669
波澜	27.4793055379	-5.523624318	0.413
生活	83.378838927	-14.5250315059	0.536
礼貌	-23.6304617039	77.1049805561	0.677
天涯海角	48.4425320892	13.6873997939	0.520
比较文学	51.1217374672	-57.4626079506	0.635
填	23.6028959104	-16.2163897747	0.499
一定	-79.7654138813	27.4495667307	0.567
儿子	100.830604494	-6.48143550838	0.829
哪敢	6.59252864836	-8.1568604065	0.522
顽皮	66.1603599615	-15.9750254616	0.542
直到	-38.2406031631	-0.918516355372	0.771
有时候	-28.8324375633	78.6107221503	0.752
只要	-80.6999277332	24.553655239	0.688
天涯	55.1532623004	-10.5693451546	0.585
用尽	-63.7024089863	-54.0999058451	0.604
回答	25.0849965723	62.165730317	0.547
眼泪	54.0887165594	31.5505928485	0.599
都	-52.9391587333	4.09070377222	0.562
三日	11.408058296	-64.9542333933	0.545
适应环境	-26.6973320215	-28.5778266056	0.495
哭	44.2293287073	47.0111883504	0.530
用牌	0.260061880185	-26.3960964951	0.494
平鑫涛	45.0906751322	-47.5468580707	0.643
亲临	30.013408219	-81.5890031019	0.528
不论	-34.556073937	-88.8567718997	0.727
然后	-36.539868795	10.0904196402	0.606
每件事	-0.538939726618	22.2782740978	0.576
来	-20.8170357625	-14.7038117979	0.476
领放	-8.65306408542	-14.9093106868	0.519
看到	-28.3182136086	58.0915864001	0.708
一向	-14.7562373204	15.7958070394	0.467
陈子	41.1228923594	-20.9361281548	0.620
小玩意儿	1.05116474516	-25.8028870702	0.494
不得不	-11.7210222434	50.5422839031	0.714
不计	-8.78387960538	-36.3627080801	0.448
似的	-25.9510129217	27.0769647681	0.526
北路	-11.0298316322	-95.966643465	0.666
超人	47.0120593704	-8.70332088472	0.433
比	-81.0334930088	29.7933843083	0.571
真情流露	63.3860042764	19.3717442107	0.670
为	-26.0843601433	-10.491617672	0.467
小朋友	23.6143477987	11.3393976607	0.534
后辈	53.6807795642	61.8417202179	0.664
缺乏	-79.8574677653	-2.46860938797	0.688
不能	-81.9803348055	19.6173605264	0.554
瞒	5.86561527247	50.7399611042	0.470
邹志良	38.2885958347	-13.5082498249	0.639
急命	11.413295157	-43.7108771907	0.623
由涂	21.3525645291	-27.4796092639	0.423
代价	-46.752501265	69.4611747464	0.598
每	-98.8528349461	-0.14410387011	0.573
小人物	80.4881859245	21.8004478587	0.540
图片	-32.6171548321	-65.4115209809	0.561
衣摆	2.46593852675	-29.5198907767	0.540
焦急	-4.31430132525	51.9295580053	0.617
与你同在	35.7729302283	35.4574844142	0.466
天空海阔	37.2039447105	23.095408044	0.537
耗尽	-63.7109234272	-54.098743279	0.604
邵宗其	-1.50022244405	-14.7759820638	0.505
失去知觉	-23.3192739458	47.0550259578	0.578
思亲	14.7916770222	-48.9027815109	0.486
日祁	0.886512490754	-9.65267737118	0.557
大部分	-49.7615172254	-17.0233513434	0.548
与	-42.1445741427	-32.3684201145	0.684
说	23.9576848453	60.8785537496	0.650
下	-3.9938552224	-13.3927171353	0.536
上	-33.2722479617	-12.5216691738	0.424
刊登	57.8077320189	-67.1813424778	0.764
生日礼物	27.5416497903	9.95119257531	0.554
故事	17.9269322244	-81.8024282312	0.709
无力	-9.71838141662	50.9588609902	0.522
sundowner	12.8169988688	-18.9224636694	0.464
整个	-49.0237505351	-15.6218239779	0.548
制止	-40.3173362985	19.5752907221	0.665
奏稿	24.2091867382	-44.3439171203	0.708
很大	-70.7299874683	-13.5520595777	0.640
其中	-41.5349596291	-21.7056988617	0.646
一时期	-69.5061711989	-44.7168486425	0.677
季官	27.9118379736	0.801588787717	0.677
不会	-81.804534579	21.1361083756	0.581
秋天	7.89858404379	92.5533861927	0.640
看穿	14.4160103675	23.1014939512	0.499
无论	-34.5559677259	-88.8527465676	0.727
依然	-66.719711123	24.795331405	0.701
感激	17.7911494672	34.0815518519	0.521
唔	75.3824019606	7.78847245098	0.458
二纹	7.64573571443	-32.2338335383	0.481
表达	-53.4920367818	41.377613495	0.586
而	-54.0560812786	10.4581199591	0.701
学习成绩	-24.2401748258	85.7318410477	0.612
向秀吉	-13.804484597	15.7631359415	0.467
发动机舱	-8.81018794662	-21.028770549	0.613
越来越	-64.5188583655	-7.75419818673	0.644
细听	39.2537263698	22.0855084771	0.560
皓然	40.0448831836	-17.0184161671	0.537
能	-91.323535982	24.6999292963	0.844
神伤	12.3385814638	-3.51677615462	0.603
离	13.7499271983	-14.2311587665	0.416
写作	48.8355761898	-62.2362025245	0.555
辛苦	80.5690236842	-5.29977708734	0.512
只好	-12.0897591588	48.8913952745	0.675
叫	31.3332766076	60.7361428049	0.527
告别	43.333903922	15.0355287023	0.462
可	-91.4455215266	20.8642734718	0.681
人迹罕至	-23.774211175	-48.0058259365	0.496
付出	-46.7498171526	69.4552658388	0.598
如果	-80.4242293763	23.5245304398	0.688
差不多	-28.0480666121	21.3923876496	0.517
回到	-48.5481976388	56.3983501909	0.724
吃苦	30.2783150058	27.3867002765	0.566
了解	-0.482099832169	30.3985317958	0.557
包围	-93.3571141449	-33.8264049563	0.514
死撑	15.9720099587	-3.43311848099	0.574
事令	-1.682969455	34.7572195251	0.619
国籍	-17.2743526721	-8.26198021517	0.567
曾	-44.1715195818	-46.963063015	0.757
可悲	23.7815816631	31.5188008606	0.529
及	-44.4665586419	-29.0515268335	0.475
邮局	-25.3595570117	-70.0547971042	0.514
人有	-51.1446858106	-21.7313658372	0.487
享受	85.0852263443	-17.0105928894	0.501
淡远楼	11.3549464401	-26.3780524205	0.563
一样	-27.9699773089	21.9402698555	0.570
受	-78.5939759275	-15.0983914117	0.756
因而	-52.753523773	10.4019559872	0.701
守孝	22.8394790106	-66.2506285263	0.610
我	43.3876932586	49.2383999985	0.869
成	-54.9403428461	-42.2901961748	0.552
难为情	25.8243490256	35.1922046454	0.439
很近	12.9531756765	-13.2876395289	0.477
鬼脸	8.92985174788	-35.1268474364	0.473
依旧	-65.8589303974	24.8781533968	0.701
见过面	2.20556157446	36.2104467288	0.588
惭愧	3.15870717733	60.1651693662	0.584
担心	-7.8662138946	57.8861490518	0.631
当时	-39.5174298078	-11.4949081825	0.513
何等	28.4566519128	-53.1760088199	0.720
爱慕	63.0045236788	44.3602269624	0.534
学生	19.1972100019	-12.2697191808	0.656
斗苦	60.2437159394	18.5182884002	0.670
待遇	85.5692162098	-17.7010408321	0.501
原来	2.72088199939	-7.80536338379	0.455
无法	-84.7139587062	18.2976328071	0.754
当	-2.98209186685	-7.90615497033	0.546
打动	16.2215853114	36.4829020351	0.544
电话	-24.9965168393	-69.4673121547	0.578
简单	-74.9556567628	-24.6150070994	0.612
那种	17.8644157573	46.1914630223	0.528
回应	-54.3685644919	36.9537319218	0.667
能够	-91.2241911976	24.6778468404	0.844
低气压区	-55.5157689626	-42.3690919422	0.503
恨	42.2434289149	31.3275561404	0.497
遗身	23.8235854619	-46.5738603961	0.652
好时节	48.102486091	18.3404857313	0.552
英雄	46.3532794595	-9.55998139372	0.470
每当	-4.30370395782	-6.45428831108	0.492
自己	-10.6490021704	32.1559560328	0.755
连播	2.72203989496	-58.2048899712	0.719
悠闲	23.3240080209	8.10699912528	0.535
斗琳	8.44802672714	-16.6291560706	0.617
展博	5.91441730261	28.1457320913	0.591
这件	13.8640641087	71.2514542128	0.552
的	-33.6376706565	-13.823898471	0.491
寻鬼记	40.6101653224	-11.132779173	0.666
衬托	3.14181839529	-49.0735914033	0.591
越深	-22.9008423352	-27.4625488282	0.468
还有	-49.9430203972	-19.941834725	0.584
相逢	44.3363892303	34.7057671325	0.651
蜃楼	59.3638863949	17.451963522	0.670
一封信	49.6653336968	-81.9409655308	0.678
门清	-6.97899343136	-34.5204552522	0.448
霍滕斯	14.7970334642	-24.8121138124	0.552
央视版	49.9724580511	-13.7594414856	0.534
最高潮	-45.7104203588	-14.4592095375	0.460
友情	30.6783300814	0.554898924191	0.507
今后	-7.65912142056	25.3480191255	0.508
长久	-9.55817341942	11.3100404398	0.454
快乐	55.0318498344	21.957726014	0.661
紧	-4.04138253718	-26.9183112569	0.565
草原	15.2573450355	84.7637130589	0.520
捣蛋	65.8541643484	-16.0005951855	0.542
文章	55.299592904	-66.3781984094	0.742
鸿	40.8272794798	-20.2664048208	0.620
有法空	27.7758139561	-52.822668755	0.720
公益	66.0757700742	-45.8017912116	0.604
着	-22.9785464695	34.2254073971	0.695
其后	-43.692517276	3.26647384845	0.487
友好	-41.3156395138	-33.3040593049	0.482
粗枝大叶	-22.1473188772	79.5202717077	0.718
提拔	26.3706094786	90.596875858	0.587
到	-37.1273822791	5.0722478842	0.538
用	-21.3708043135	-14.4850707429	0.476
马什	-3.01192035738	-67.7704371442	0.569
以及	-44.4463115324	-30.2890349149	0.681
神工	21.1471243542	-40.6871848911	0.628
心里	22.4826454594	47.3386749701	0.649
你	43.4511138894	48.5078099045	0.712
岩波	42.5112564482	-56.6750780151	0.675
起	-37.2048522308	-6.24320745012	0.545
常常	-25.9285606016	78.7132939345	0.750
沙漠	15.2584179336	84.766086574	0.520
羞于	-2.86361420961	36.0261832318	0.576
第一本	44.08364324	-60.1188368273	0.599
拔擢	26.3712653435	90.596941921	0.587
互相	-14.1590205547	-81.9917156731	0.768
盒子	0.0709719127993	6.6709143245	0.484
余	39.1583385155	-15.9027190593	0.537
拥有	-48.0099983457	-21.4343637732	0.611
混酸	-6.51158632165	-29.8914589601	0.504
知道	18.2861335653	59.2248952796	0.647
多么	19.2201261375	47.2961729563	0.526
美丽	54.0725441723	23.8469258928	0.531
代序	48.9515300834	-49.420678339	0.647
然而	-60.1511688396	11.1626053456	0.615
但	-63.7911559304	13.5740702871	0.821
代言人	23.2671750747	0.414931215688	0.543
盛意	19.4021084874	-43.8259133821	0.652
对	-56.3643250828	23.9370138969	0.663
艰辛	86.3007118863	-6.69884610466	0.530
几乎	-63.9669344553	11.5647899686	0.562
激动	-2.30453810291	69.8777407703	0.613
可以	-90.9970988236	21.321183636	0.681
假期	24.9611954598	-10.7794428944	0.652
锦野豪	13.5929041013	-22.0089403105	0.618
振轩	-0.911102513347	-8.76176470884	0.539
苦难	12.353122732	12.0927233618	0.548
父母	101.238461239	-2.00628242879	0.680
通过	-59.9323275309	3.29119731071	0.587
一颗	-20.9982920627	6.32529155827	0.706
那位	-0.755144578738	44.7181324239	0.555
却是	-17.1071159346	81.4337804807	0.669
满有	7.75350953533	16.1912879936	0.535
愉快	21.4719691884	40.8972517469	0.486
梦	38.0173011104	5.83764907004	0.621
这次	-89.7961641206	-21.5397133893	0.768
船只	-12.7469395282	-44.6682798001	0.554
天父	71.5944754521	53.8434810231	0.582
一九八九年	16.7714364748	-35.2068538443	0.543
友好合作	-40.6856173755	-34.039964384	0.482
淳厚	24.8779031442	-49.4061667455	0.659
法务局	6.69895705394	-26.5378101014	0.489
陌影	40.5875947813	-4.68365934146	0.461
出	-17.1819686325	-16.4540253905	0.501
知觉	9.70765514074	6.55596864889	0.591
地方	7.36703268006	-26.0082767848	0.489
天国	40.3589307488	-1.73028451908	0.470
艾米娜	13.3575135571	-8.75745342762	0.468
四月	11.9124058869	-70.6280557039	0.845
情爱	33.5532861104	15.4320259937	0.513
补缴	-12.7808371639	-39.3587897554	0.574
更动表	20.0106096595	-28.6670806496	0.622
盈利	81.447242658	-42.45052728	0.657
这份	-74.565099701	-35.1345359459	0.641
希森安德	17.865731438	-24.1201326218	0.683
秋去秋来	66.4933647994	19.6845865891	0.676
透气性	-24.8354716834	-29.1074667145	0.545
就是	-26.5960531883	13.638948215	0.623
学习	-12.9842844026	-72.4015440184	0.653
打开	-35.2237606343	63.272105361	0.625
冷雨	51.4983813185	14.9425564714	0.462
祷告	33.7595230409	40.8571158477	0.630
普通	-60.0988802963	2.48893671241	0.503
也好	41.0949829932	46.669922515	0.497
归国	-56.2153168718	58.7325008225	0.774
前	-37.8401601015	-14.0116877999	0.505
看见	-28.2426241505	59.3970574703	0.691
带给	15.6450857628	40.8951145653	0.548
神	30.9118261486	-38.5303814036	0.578
关心	-41.1382053669	47.8175616336	0.629
隐于	19.6671728928	-50.4996015181	0.542
但是	-62.0862703704	13.5838349907	0.821
令人	-7.95079322802	69.4606355617	0.520
法案	-60.4312062013	7.03810752481	0.587
林佛儿	45.3330232875	-47.8577965859	0.643
坎坷	87.9106407875	-6.43793039201	0.530
发生	-47.453415037	-79.3812659499	0.654
照料	97.5892406004	5.35121958256	0.691
寺川英	31.3025920502	-25.8534005417	0.588
陈又齐	16.2744844681	-17.8227633451	0.531
极	-63.5611853455	-3.55044824227	0.517
名字	-16.1865454431	-7.84604065301	0.567
太	32.5906486832	-25.0428409771	0.618
愿意	-11.4918643105	56.5662533867	0.632
十分	-11.8750543091	79.0513147673	0.705
被迫	-12.1262477186	50.9989703899	0.714
祝	41.6796503527	4.50545054535	0.432
笔杆	-3.16876366361	-32.8543028959	0.625
时	-39.6537121637	3.31184162954	0.590
挥不去	43.58283141	8.48466166417	0.670
午夜	38.2684779126	-5.63637339472	0.543
一份	-74.5663274544	-35.136828431	0.641
钉	32.0435702519	-27.7879078188	0.527
四季豆	62.1166871554	-33.1379941383	0.610
三立华剧	51.8013186116	28.1006727631	0.649
照片	-32.6136428573	-65.4115954096	0.561
不妥	-12.1864358152	21.6756199177	0.521
兴奋	-2.60098373272	69.2315608036	0.613
每日	-6.31679650122	-58.7835661653	0.506
接受	-50.5882117148	32.1386198295	0.490
两人成	3.34777291679	28.5364425914	0.589
多	-57.9495564267	-18.5166161324	0.497
王杰	66.24887749	21.2550261293	0.595
宫理惠	34.6324095703	-30.1135992917	0.527
回心转意	-5.79460788548	41.6266956805	0.629
夜	83.4362893109	22.4761188111	0.504
一日	11.401576918	-64.9301999222	0.545
一旦	-84.6400553024	21.9386223405	0.636
别难过	18.4592244562	-17.3585089349	0.619
将来	-7.11611352502	25.254060976	0.508
至	-4.97979061865	-52.6669292128	0.538
东西	0.575948361433	14.0806735683	0.563
重度	-17.370011367	-32.2013135414	0.615
三毛	52.2559685944	-17.1470570918	0.553
年轻	-12.4366637933	-6.9336945985	0.642
感谢	16.0561177045	30.9093123629	0.477
只能	-85.723728003	19.1374331496	0.665
当初	-16.8742073454	-1.45860670467	0.531
书	45.7608375385	-64.3352458782	0.559
指路	35.0737612321	-10.4894566021	0.430
我爱上	54.3927375113	26.9934650918	0.605
可能	-55.6824937578	5.16827990702	0.572
老旧	-35.0961132612	-54.8923321494	0.517
也	-53.2759345417	5.78029722965	0.702
闻香教	28.4252922056	-42.1491719908	0.476
已成	19.8794595355	-56.6984412157	0.445
不再	-78.3735592282	17.8825170254	0.554
不愿	-11.0180518246	56.3654432108	0.632
已经	-66.1878150628	9.8192150787	0.717
特急	-14.0726324976	4.03318907504	0.503
不过	-63.0609902512	12.9754748445	0.837
传真	-22.3973001795	-65.8694860485	0.578
比邻	-2.90645639668	-41.8654976321	0.502
纪晴	29.3134609032	1.1198623931	0.462
心声	40.1229955032	21.5909390526	0.560
却成	3.0092617261	27.5879187527	0.589
之	16.0505444682	-27.305432948	0.384
久	33.3172564327	-24.465026604	0.588
并未	-67.6077214019	12.8857150558	0.659
木讷	-21.486693943	78.971105299	0.754
一件	6.46110550014	-82.6855742808	0.718
一下	32.8260063373	56.5055147951	0.546
州境	-5.45285748173	-43.2243658595	0.609
鼓励	-37.6635714254	37.359293324	0.599
不想	26.1888823718	54.3908604618	0.661
它	-53.2393210364	-8.28103185871	0.539
快快	36.2873372674	22.9332908149	0.537
不懈	-40.1984207299	40.4154312732	0.619
努力	-39.2104776034	39.721258666	0.619
为了	-40.1250771709	33.626140381	0.542
便	-34.7859345729	4.83430974763	0.701
调查	-51.3595570912	33.6999133388	0.490
宗教	77.248318477	56.6137443405	0.679
全里	-15.0427282934	-95.7933319976	0.505
战维	8.43849919631	-20.4820420537	0.541
梁齐瑞	38.7671861782	-11.4982648619	0.630
不仅	-65.6518934369	-4.15464099783	0.540
领略	7.4848382814	14.4096197123	0.535
我成	31.7503899924	-4.06113126565	0.508
允夏	35.8025269586	-3.77611719367	0.596
大	30.0239759383	-15.1814932996	0.539
病	-17.7099027394	-56.8829510482	0.616
仍然	-67.4819179756	22.6307895396	0.832
低吟	30.5801449663	18.8522419631	0.524
帮助	-37.2473523025	37.0097780012	0.599
豆浆	62.1575415531	-28.0400189842	0.664
白薯	62.2843858645	-33.5922534386	0.610
一生	50.5847726432	32.9585524559	0.595
欢喜	53.2836067187	-3.69827505207	0.539
更令	-49.8041572208	12.355318445	0.512
宗玄	24.6100467274	9.18740173887	0.535
未眠	82.9993613858	22.3749251835	0.504
最为	-69.4890517026	-5.33183150165	0.579
饭店	-45.1874210201	-62.8384364121	0.747
一些	-64.8595609938	-14.1813604154	0.792
心中	23.898653919	36.0849010786	0.649
天衣无缝	29.2029649277	18.6359964966	0.524
刚刚	-30.9522587817	2.92202018844	0.508
远	14.9000082463	-15.7027628994	0.416
拜望	14.4326724366	-42.3440684978	0.596
男声	61.7917817421	10.5665689286	0.661
这	-55.2141094926	-6.90829771766	0.539
香槟	3.98033658148	1.34406294236	0.550
过	-43.8241602068	-45.4124985914	0.613
烂醉如泥	-2.28903850452	-4.70708809629	0.527
郑淑妃	60.3989816328	20.9120097449	0.599
上以	-28.5506962603	-10.6954056948	0.424
伊利诺伊大学	3.53044414501	0.574800640272	0.550
靠神	9.59744311011	16.1528749384	0.553
去	-15.509456321	41.7094377911	0.588
扮	74.4185929774	7.71641920669	0.632
没能	-68.0503143974	16.4729600042	0.483
人帅	19.4940993957	-6.71496619342	0.548
见过	3.76248531565	38.3728493903	0.567
焦虑	-1.51713397339	73.3175805919	0.649
第一篇	53.2703275675	-65.0914852437	0.635
可惜	-64.4678021446	26.6565732826	0.519
托	-1.06345393994	-71.6645100583	0.569
蔡广财	16.5985954877	-20.5553391412	0.432
约会	26.5567923897	6.37678845492	0.523
使人	3.86557666393	12.7246675279	0.520
看着	9.95025558278	51.5368024566	0.490
所	9.07196955664	-24.6004785799	0.603
这是	-32.7448673925	-16.3122192718	0.612
一大堆	-0.954514833127	9.9966983795	0.563
受得了	33.3090052937	25.9663640089	0.564
迎	11.5350091966	-54.8509146094	0.469
事实上	-61.676540973	16.1089725292	0.709
才	-34.0181324402	3.64066808005	0.587
怅然	24.2097170762	-52.5622076207	0.648
失之于	20.9016388628	-53.5943124607	0.568
影响	-79.0786718931	-15.8140794793	0.628
后悔不已	-3.8471889848	37.7436076462	0.615
大漠	50.8691383763	-13.2198024835	0.534
春天	7.89922231292	92.5535811444	0.640
更	-64.7442418859	-6.46823994569	0.644
默默地	2.59031934349	47.2080503967	0.624
往往	-65.9417615295	-2.4177780824	0.572
心情愉快	5.95964696038	17.8337101463	0.576
之中	-37.4112076621	-19.494304081	0.513
僻远	-4.85402417648	-42.8143049869	0.609
爱护	-41.1070338697	47.7163137689	0.629
情为	39.8956458136	27.6518771294	0.627
想念	53.7441541606	30.1598855079	0.649
因为	-60.5894824029	14.3322065348	0.687
家里	98.5438853689	0.363767249328	0.691
默默无语	31.1883562692	-4.78541485174	0.619
爱情	51.8398096891	27.1715638188	0.613
小船	-12.65065697	-45.3073812979	0.554
路	-13.8359380945	-97.441530868	0.666
看	33.1921700636	58.4303698078	0.595
这句	-92.5659321288	-9.60481450898	0.715
并	-45.705448972	3.1839802356	0.663
和	-44.0814799415	-30.6142332008	0.684
之后	-40.6208555954	2.57674480246	0.796
体虚	-18.6303014568	-27.2505507702	0.514
有时	-28.9522847915	78.6032001895	0.752
丈夫	99.2707869861	-5.82250311559	0.859
一篇	53.7528654495	-67.1812864121	0.742
一封	49.6688786707	-81.9525048218	0.511
公视	55.2852892119	1.42969375103	0.628
经纬	23.4762966767	-28.0250346547	0.423
世界	41.0494749122	-5.79215646574	0.442
刊出	57.8243480633	-67.1894273171	0.764
再次发生	-47.4446429358	-79.3987333802	0.654
出来	-18.1448045844	-15.9552190442	0.501
荡然无存	19.4767191809	-57.6260491403	0.445
短短	-78.9333799138	-51.4987571097	0.583
紧豪	-5.08441090121	-27.7257895747	0.565
珍重	67.0243702333	19.1463147341	0.676
以此	-26.9203134036	-8.08742487011	0.568
培养	-71.3243052434	57.0570786772	0.724
内心	-16.4679215859	78.7218467987	0.703
每晚	-0.197178989739	-58.1303577298	0.719
真	38.7046033612	4.76153890668	0.446
接到	-83.3952297611	-38.9952067203	0.601
以辟	20.3962517438	-49.6388703955	0.542
羟汞化	-6.63110705022	-28.7514739238	0.730
悠悠的	28.8570638744	-5.71674130589	0.413
中国	66.3458626056	67.2412705132	0.578
本身	-67.4159936834	0.629597426977	0.554
安招国	15.4054297553	-22.8278355054	0.544
感情	60.8271366567	45.1815557306	0.543
说声	37.2517867319	29.8276491636	0.510
沮丧	-5.61057644838	65.47370379	0.486
两三千	-13.1222134788	-41.8870931584	0.603
半子	17.7874926266	-41.5570089491	0.467
书场	24.9123309706	-33.5657693554	0.468
